swipeleft,598,484,572
swipeleft,599,490,592
swipeleft,603,496,592
swipeleft,609,496,586
swipeleft,605,496,586
swipeleft,603,500,586
swipeleft,603,504,586
swipeleft,604,508,586
swipeleft,604,510,588
swipeleft,602,512,592
swipeleft,600,512,596
swipeleft,598,516,602
swipeleft,600,524,606
swipeleft,609,528,604
swipeleft,623,536,600
swipeleft,640,544,596
swipeleft,663,552,586
swipeleft,680,560,572
swipeleft,695,570,560
swipeleft,703,582,550
swipeleft,705,592,544
swipeleft,700,606,536
swipeleft,689,614,532
swipeleft,670,624,532
swipeleft,649,634,542
swipeleft,626,642,556
swipeleft,598,644,574
swipeleft,576,646,588
swipeleft,553,650,608
swipeleft,532,644,634
swipeleft,509,620,656
swipeleft,471,594,674
swipeleft,444,572,680
swipeleft,425,558,676
swipeleft,418,538,668
swipeleft,417,526,656
swipeleft,416,514,644
swipeleft,414,512,636
swipeleft,416,510,622
swipeleft,420,510,610
swipeleft,425,510,602
swipeleft,433,512,600
swipeleft,440,512,604
swipeleft,446,514,610
swipeleft,449,514,618
swipeleft,449,514,626
swipeleft,447,514,632
swipeleft,443,512,638
swipeleft,438,512,640
swipeleft,433,512,638
swipeleft,429,510,624
swipeleft,426,500,594
swipeleft,416,510,644
swipeleft,408,508,634
swipeleft,404,500,624
swipeleft,398,494,620
swipeleft,392,490,616
swipeleft,391,490,610
swipeleft,391,492,608
swipeleft,400,506,600
swipeleft,399,506,594
swipeleft,393,502,596
swipeleft,391,498,596
swipeleft,392,494,592
swipeleft,397,492,592
swipeleft,405,492,598
swipeleft,410,494,606
swipeleft,414,496,614
swipeleft,419,496,622
swipeleft,422,496,628
swipeleft,421,492,632
swipeleft,416,484,634
swipeleft,408,478,638
swipeleft,401,472,640
swipeleft,396,468,638
swipeleft,395,468,638
swipeleft,396,470,636
swipeleft,400,476,636
swipeleft,405,480,638
swipeleft,411,486,634
swipeleft,418,490,628
swipeleft,425,494,622
swipeleft,434,498,612
swipeleft,441,502,604
swipeleft,450,506,598
swipeleft,458,508,590
swipeleft,466,510,584
swipeleft,476,510,580
swipeleft,483,508,578
swipeleft,489,506,574
swipeleft,494,506,572
swipeleft,495,504,574
swipeleft,493,500,586
swipeleft,490,498,600
swipeleft,487,496,614
swipeleft,486,494,622
swipeleft,490,496,624
swipeleft,492,500,628
