swiperight,435,514,642
swiperight,428,508,628
swiperight,429,510,626
swiperight,433,512,618
swiperight,437,514,614
swiperight,439,516,632
swiperight,438,518,634
swiperight,436,518,638
swiperight,436,518,640
swiperight,435,518,644
swiperight,434,518,646
swiperight,433,516,648
swiperight,433,516,648
swiperight,434,516,648
swiperight,435,518,646
swiperight,436,520,642
swiperight,438,522,638
swiperight,440,526,632
swiperight,444,530,626
swiperight,447,532,622
swiperight,451,536,620
swiperight,457,540,620
swiperight,461,544,622
swiperight,462,546,626
swiperight,458,544,634
swiperight,451,542,642
swiperight,443,540,650
swiperight,436,536,654
swiperight,429,532,658
swiperight,422,528,664
swiperight,416,524,666
swiperight,410,522,666
swiperight,408,520,662
swiperight,408,522,656
swiperight,411,524,650
swiperight,416,530,644
swiperight,423,534,636
swiperight,432,542,628
swiperight,442,548,622
swiperight,449,552,618
swiperight,477,552,608
swiperight,489,548,610
swiperight,493,544,612
swiperight,499,540,620
swiperight,528,540,620
swiperight,543,540,616
swiperight,552,544,610
swiperight,560,550,602
swiperight,563,552,598
swiperight,552,542,596
swiperight,544,540,596
swiperight,540,538,594
swiperight,534,534,594
swiperight,537,536,608
swiperight,545,536,604
swiperight,553,540,600
swiperight,560,558,624
swiperight,603,562,584
swiperight,618,564,578
swiperight,630,564,572
swiperight,643,560,570
swiperight,656,552,568
swiperight,665,542,600
swiperight,665,534,598
swiperight,660,526,596
swiperight,653,520,594
swiperight,646,516,594
swiperight,638,512,592
swiperight,633,510,592
swiperight,628,508,594
swiperight,622,504,596
swiperight,615,504,598
swiperight,608,508,596
swiperight,607,502,592
swiperight,607,498,592
swiperight,606,496,592
swiperight,603,496,592
swiperight,598,498,596
swiperight,593,500,598
swiperight,580,494,626
swiperight,567,494,636
swiperight,562,486,634
swiperight,557,480,630
swiperight,556,468,550
swiperight,554,476,572
swiperight,553,482,580
swiperight,555,486,586
swiperight,557,488,594
swiperight,555,486,612
swiperight,535,476,616
swiperight,530,474,616
swiperight,529,476,620
